id,name,age,gender,phone
1,Alice Chen,32,Female,2025551001
2,David Lee,41,Male,2025551002
3,Maria Gomez,35,Female,2025551003
4,John Smith,44,Male,2025551004
5,Sarah Patel,29,Female,2025551005
6,Kevin Park,38,Male,2025551006
7,Emily Brown,34,Female,2025551007
8,Daniel Kim,40,Male,2025551008
9,Jessica Wang,31,Female,2025551009
10,Michael Johnson,45,Male,2025551010
11,Linda Garcia,37,Female,2025551011
12,Robert Martinez,42,Male,2025551012
13,Sophia Nguyen,30,Female,2025551013
14,James Wilson,46,Male,2025551014
15,Olivia Davis,33,Female,2025551015
16,William Anderson,39,Male,2025551016
17,Chloe Zhang,28,Female,2025551017
18,Ethan Liu,36,Male,2025551018
19,Isabella Torres,34,Female,2025551019
20,Benjamin Clark,43,Male,2025551020
21,Mia Rodriguez,31,Female,2025551021
22,Alexander Hall,47,Male,2025551022
23,Grace Kim,29,Female,2025551023
24,Daniel Green,41,Male,2025551024
25,Hannah Scott,35,Female,2025551025